Rank,Team,M,W,D,L,G,GA,PTS,xG,xGA,xPTS,Years
1,Barcelona,38,30,4,4,110,21,94,102.98,28.44,94.08,2014
2,Real Madrid,38,30,2,6,118,38,92,95.77,42.61,81.75,2014
3,Atletico Madrid,38,23,9,6,67,29,78,57.05,29.07,73.14,2014
4,Valencia,38,22,11,5,70,32,77,55.06,39.39,63.71,2014
5,Sevilla,38,23,7,8,71,45,76,69.53,47.86,67.39,2014
6,Villarreal,38,16,12,10,48,37,60,56.77,40.7,62.74,2014
7,Athletic Club,38,15,10,13,42,41,55,45.54,44.11,53.36,2014
8,Celta Vigo,38,13,12,13,47,44,51,58.89,51.78,55.05,2014
9,Malaga,38,14,8,16,42,48,50,46.22,54.13,48.51,2014
10,Espanyol,38,13,10,15,47,51,49,43.98,48.3,50.38,2014
11,Rayo Vallecano,38,15,4,19,46,68,49,47.79,70.43,43.55,2014
12,Real Sociedad,38,11,13,14,44,51,46,33.49,51.16,38.78,2014
13,Elche,38,11,8,19,35,62,41,39.61,58.07,40.67,2014
14,Getafe,38,10,7,21,33,64,37,33.97,53.67,40.1,2014
15,Levante,38,9,10,19,34,67,37,35.3,60.27,37.6,2014
16,Eibar,38,9,8,21,34,55,35,29.56,53.72,35.65,2014
17,Deportivo La Coruna,38,7,14,17,35,60,35,37.87,50.98,43.52,2014
18,Granada,38,7,14,17,29,64,35,37.39,54.28,45.73,2014
19,Almeria,38,8,8,22,35,64,32,38.67,58.87,39.33,2014
20,Cordoba,38,3,11,24,22,68,20,29.76,57.34,36.29,2014
1,Barcelona,38,29,4,5,112,29,91,113.6,34.03,94.38,2015
2,Real Madrid,38,28,6,4,110,34,90,90.45,45.23,79.09,2015
3,Atletico Madrid,38,28,4,6,63,18,88,54.93,27.8,72.28,2015
4,Villarreal,38,18,10,10,44,35,64,40.49,41.63,52.11,2015
5,Athletic Club,38,18,8,12,58,45,62,53.9,45.33,58.24,2015
6,Celta Vigo,38,17,9,12,51,59,60,50.2,51.98,53.08,2015
7,Sevilla,38,14,10,14,51,50,52,62.97,46.09,63.64,2015
8,Malaga,38,12,12,14,38,35,48,45.75,45.25,53.08,2015
9,Real Sociedad,38,13,9,16,45,48,48,47.95,48.04,52.75,2015
10,Real Betis,38,11,12,15,34,52,45,40.11,64.39,40.49,2015
11,Valencia,38,11,11,16,46,48,44,50.51,61.69,46.73,2015
12,Las Palmas,38,12,8,18,45,53,44,38.68,59.24,41.18,2015
13,Eibar,38,11,10,17,49,61,43,52.92,50.58,54.03,2015
14,Espanyol,38,12,7,19,40,74,43,46.09,60.84,43.15,2015
15,Deportivo La Coruna,38,8,18,12,45,61,42,43.75,52.37,46.08,2015
16,Sporting Gijon,38,10,9,19,40,62,39,42.57,60.62,40.61,2015
17,Granada,38,10,9,19,46,69,39,41.35,62.37,38.5,2015
18,Rayo Vallecano,38,9,11,18,52,73,38,52.26,65.09,45.78,2015
19,Getafe,38,9,9,20,37,67,36,41.77,63.35,40.88,2015
20,Levante,38,8,8,22,37,70,32,39.22,63.55,37.33,2015
1,Real Madrid,38,29,6,3,106,41,93,90.87,36.86,86.17,2016
2,Barcelona,38,28,6,4,116,37,90,93.55,31.32,87.95,2016
3,Atletico Madrid,38,23,9,6,70,27,78,60.66,31.34,69.1,2016
4,Sevilla,38,21,9,8,69,49,72,59.09,38.7,66.18,2016
5,Villarreal,38,19,10,9,56,33,67,52.23,43.16,59.57,2016
6,Real Sociedad,38,19,7,12,59,53,64,45.58,43.71,54.94,2016
7,Athletic Club,38,19,6,13,53,43,63,51.08,40.46,60.54,2016
8,Espanyol,38,15,11,12,49,50,56,32.55,38.35,46.92,2016
9,Alaves,38,14,13,11,41,43,55,42.6,43.97,52.79,2016
10,Eibar,38,15,9,14,56,51,54,42.98,45.17,50.05,2016
11,Malaga,38,12,10,16,49,55,46,40.37,47.35,45.75,2016
12,Valencia,38,13,7,18,56,65,46,50.34,50.96,53.39,2016
13,Celta Vigo,38,13,6,19,53,69,45,40.48,55.98,42.63,2016
14,Las Palmas,38,10,9,19,53,74,39,40.8,58.39,42.11,2016
15,Real Betis,38,10,9,19,41,64,39,35.72,48.27,44.56,2016
16,Deportivo La Coruna,38,8,12,18,43,61,36,41.0,48.6,51.16,2016
17,Leganes,38,8,11,19,36,55,35,33.19,46.39,40.95,2016
18,Sporting Gijon,38,7,10,21,42,72,31,36.35,64.43,33.86,2016
19,Osasuna,38,4,10,24,40,94,22,33.13,64.82,31.64,2016
20,Granada,38,4,8,26,30,82,20,29.69,74.03,26.5,2016
1,Barcelona,38,28,9,1,99,29,93,90.49,41.62,79.44,2017
2,Atletico Madrid,38,23,10,5,58,22,79,50.29,35.48,61.6,2017
3,Real Madrid,38,22,10,6,94,44,76,91.29,45.1,79.99,2017
4,Valencia,38,22,7,9,65,38,73,57.76,47.89,58.23,2017
5,Villarreal,38,18,7,13,57,50,61,55.67,54.24,54.96,2017
6,Real Betis,38,18,6,14,60,61,60,46.72,49.76,50.51,2017
7,Sevilla,38,17,7,14,49,58,58,61.49,54.03,58.61,2017
8,Getafe,38,15,10,13,42,33,55,49.03,39.65,57.53,2017
9,Eibar,38,14,9,15,44,50,51,41.42,45.53,50.79,2017
10,Girona,38,14,9,15,50,59,51,52.1,51.6,53.03,2017
11,Real Sociedad,38,14,7,17,66,59,49,56.35,51.13,55.84,2017
12,Celta Vigo,38,13,10,15,59,60,49,54.59,57.68,48.83,2017
13,Espanyol,38,12,13,13,36,42,49,41.58,53.37,44.68,2017
14,Alaves,38,15,2,21,40,50,47,37.88,58.2,39.03,2017
15,Levante,38,11,13,14,44,58,46,44.2,65.12,41.82,2017
16,Athletic Club,38,10,13,15,41,49,43,51.79,50.71,54.13,2017
17,Leganes,38,12,7,19,34,51,43,39.26,48.77,44.58,2017
18,Deportivo La Coruna,38,6,11,21,38,76,29,49.78,60.87,49.16,2017
19,Las Palmas,38,5,7,26,24,74,22,37.88,74.43,31.05,2017
20,Malaga,38,5,5,28,24,61,20,35.88,60.24,35.83,2017
1,Barcelona,38,26,9,3,90,36,87,83.28,44.93,73.96,2018
2,Atletico Madrid,38,22,10,6,55,29,76,51.87,41.43,59.43,2018
3,Real Madrid,38,21,5,12,63,46,68,68.65,48.68,64.77,2018
4,Valencia,38,15,16,7,51,35,61,61.88,42.85,65.16,2018
5,Sevilla,38,17,8,13,62,47,59,69.16,46.71,65.08,2018
6,Getafe,38,15,14,9,48,35,59,47.03,44.23,53.19,2018
7,Espanyol,38,14,11,13,48,50,53,50.16,54.62,50.09,2018
8,Athletic Club,38,13,14,11,41,45,53,44.44,47.16,50.01,2018
9,Real Sociedad,38,13,11,14,45,46,50,47.99,48.09,51.13,2018
10,Real Betis,38,14,8,16,44,52,50,51.68,53.54,52.39,2018
11,Alaves,38,13,11,14,39,50,50,40.87,54.53,44.02,2018
12,Eibar,38,11,14,13,46,50,47,56.63,47.88,56.75,2018
13,Leganes,38,11,12,15,37,43,45,41.25,43.94,51.15,2018
14,Villarreal,38,10,14,14,49,52,44,54.8,56.12,52.18,2018
15,Levante,38,11,11,16,59,66,44,54.09,78.86,40.23,2018
16,Celta Vigo,38,10,11,17,53,62,41,48.7,63.43,41.63,2018
17,Real Valladolid,38,10,11,17,32,51,41,41.64,57.65,41.8,2018
18,Girona,38,9,10,19,37,53,37,42.99,55.33,45.17,2018
19,SD Huesca,38,7,12,19,43,65,33,51.38,63.43,44.96,2018
20,Rayo Vallecano,38,8,8,22,41,70,32,47.23,62.32,43.02,2018
1,Real Madrid,38,26,9,3,70,25,87,72.16,33.15,77.69,2019
2,Barcelona,38,25,7,6,86,38,82,72.01,37.82,73.14,2019
3,Atletico Madrid,38,18,16,4,51,27,70,58.7,31.52,72.35,2019
4,Sevilla,38,19,13,6,54,34,70,55.16,36.62,65.71,2019
5,Villarreal,38,18,6,14,63,49,60,65.61,48.59,64.05,2019
6,Real Sociedad,38,16,8,14,56,48,56,50.92,41.89,57.18,2019
7,Granada,38,16,8,14,52,45,56,45.02,43.44,52.6,2019
8,Getafe,38,14,12,12,43,37,54,45.19,43.02,53.79,2019
9,Valencia,38,14,11,13,46,53,53,45.58,59.07,45.43,2019
10,Osasuna,38,13,13,12,46,54,52,49.04,49.58,51.51,2019
11,Athletic Club,38,13,12,13,41,38,51,42.1,52.42,44.65,2019
12,Levante,38,14,7,17,47,53,49,49.43,64.25,42.88,2019
13,Real Valladolid,38,9,15,14,32,43,42,35.66,53.94,39.38,2019
14,Eibar,38,11,9,18,39,56,42,42.35,54.33,42.91,2019
15,Real Betis,38,10,11,17,48,60,41,48.9,56.3,47.94,2019
16,Alaves,38,10,9,19,34,59,39,38.15,57.93,40.98,2019
17,Celta Vigo,38,7,16,15,37,49,37,40.44,44.83,47.26,2019
18,Leganes,38,8,12,18,30,51,36,38.92,45.62,48.92,2019
19,Mallorca,38,9,6,23,40,65,33,40.46,65.17,35.36,2019
20,Espanyol,38,5,10,23,27,58,25,37.0,53.28,41.76,2019
1,Atletico Madrid,38,26,8,4,67,25,86,57.66,35.67,66.41,2020
2,Real Madrid,38,25,9,4,67,28,84,65.07,38.7,69.98,2020
3,Barcelona,38,24,7,7,85,38,79,83.96,40.93,78.18,2020
4,Sevilla,38,24,5,9,53,33,77,55.86,34.33,66.96,2020
5,Real Sociedad,38,17,11,10,59,38,62,63.15,38.8,67.61,2020
6,Real Betis,38,17,10,11,50,50,61,49.77,47.51,55.37,2020
7,Villarreal,38,15,13,10,60,44,58,57.86,43.67,63.77,2020
8,Celta Vigo,38,14,11,13,55,57,53,51.32,50.31,52.83,2020
9,Athletic Club,38,11,13,14,46,42,46,43.06,38.46,54.77,2020
10,Granada,38,13,7,18,47,65,46,41.05,59.82,40.58,2020
11,Osasuna,38,11,11,16,37,48,44,39.61,49.83,45.1,2020
12,Cadiz,38,11,11,16,36,58,44,36.7,58.91,39.01,2020
13,Valencia,38,10,13,15,50,53,43,41.89,55.69,42.38,2020
14,Levante,38,9,14,15,46,57,41,40.93,55.13,43.53,2020
15,Getafe,38,9,11,18,28,43,38,35.62,40.4,48.39,2020
16,Alaves,38,9,11,18,36,57,38,39.11,51.55,43.23,2020
17,Elche,38,8,12,18,34,55,36,30.4,61.63,30.31,2020
18,SD Huesca,38,7,13,18,34,53,34,37.98,48.64,45.23,2020
19,Real Valladolid,38,5,16,17,34,57,31,37.92,52.56,41.53,2020
20,Eibar,38,6,12,20,29,52,30,42.45,48.84,48.62,2020
